{"cameraMode":{"drawMode":0,"name":"Shaded","section":"Shading Mode"},"sceneLighting":false,"audioPlay":false,"sceneViewState":{"m_AlwaysRefresh":false,"showFog":true,"showSkybox":false,"showFlares":true,"showImageEffects":true,"showParticleSystems":true,"showVisualEffectGraphs":true,"m_FxEnabled":true},"in2DMode":false,"pivot":{"x":-0.4427334666252136,"y":0.14985519647598267,"z":0.9950023889541626},"rotation":{"x":0.17676901817321778,"y":-0.07437021285295487,"z":-0.01331816054880619,"w":-0.9814134240150452},"size":0.8224200010299683,"orthographic":false}