{"cameraMode":{"drawMode":0,"name":"Shaded","section":"Shading Mode"},"sceneLighting":false,"audioPlay":false,"sceneViewState":{"m_AlwaysRefresh":false,"showFog":true,"showSkybox":false,"showFlares":true,"showImageEffects":true,"showParticleSystems":true,"showVisualEffectGraphs":true,"m_FxEnabled":true},"in2DMode":false,"pivot":{"x":-1.0376206636428834,"y":0.21918390691280366,"z":1.1439529657363892},"rotation":{"x":-0.005053674802184105,"y":-0.7030743360519409,"z":-0.005130131728947163,"w":0.7111744284629822},"size":0.7438951730728149,"orthographic":false}